(u'CN=prometheus.sfj.corp.censys.io', u'73362db0b8520b5e71b655e20b891655758c4568287c0486e34185ed40bd3a35', u'2019-01-16T23:09:50Z', u'2019-01-16T23:09:50Z')
(u'CN=support.censys.io', u'910c005284e7d656b5c36929aa90cf995413e001d2fab9487e8fed4f373f3c78', u'2019-01-11T13:40:19Z', u'2019-01-11T13:40:19Z')
(u'CN=censys.io', u'e80ccddfc88f325108db2f2a4c8149b8c5cf60cd4be1ab7f99ac73f8afc8e1a5', u'2018-12-25T14:18:55Z', u'2018-12-25T14:18:55Z')
(u'CN=censys.io', u'bb36824afe68a5fa948f5a01af2e165a892e95f937e5f4af7e5574b2ea63fd06', u'2019-02-23T10:02:38Z', u'2019-02-23T10:02:38Z')
(u'CN=data-01.censys.io', u'4ce05aebebd36456ff1fa9a925a945a4e56de44c5e6144d2fccbc074ee794251', u'2019-01-10T13:54:05Z', u'2019-01-10T13:54:05Z')
(u'CN=about.censys.io', u'5c1f3cea2141db07f380566597fd235c86397aa401a9bcbf0a7bafcd1980a24a', u'2019-01-16T04:05:13Z', u'2019-01-16T04:05:13Z')
(u'CN=censys.io', u'd99b09e611f6e30fc6ee121765423dee148e605a992a84b329c7a5c80faf44c0', u'2019-02-23T10:02:38Z', u'2019-02-23T10:02:38Z')
(u'CN=censys.io', u'3562ad032cec8c79b30229f1c194fe6bee0807575f3edbdca691de3b4af1d7e8', u'2018-12-25T14:18:55Z', u'2018-12-25T14:18:55Z')
(u'CN=support.censys.io', u'b290d6e48694945432f3802ca09175d3d049a98155cfb99d762da5d05ecaa40a', u'2019-01-11T13:40:19Z', u'2019-01-11T13:40:19Z')
(u'CN=in.corp.censys.io', u'27e64b813d26898b7d190afcdf432c051de7487ebec6cc45d44802cc617b401a', u'2019-02-27T09:45:16Z', u'2019-02-27T09:45:16Z')
(u'CN=nogae.in.corp.censys.io', u'b8bfe0a3e57ffdbd6a25c542f8482779abf29f25baef664ea6710b4727b98f9f', u'2018-12-29T14:05:32Z', u'2018-12-29T14:05:32Z')
(u'CN=www.censys.io', u'48f30849604e1fcb00233f2889fbcc6b4d2da376492f3682ec12ccfe2920890b', u'2018-12-22T06:43:33Z', u'2018-12-22T06:43:33Z')
(u'CN=discover.censys.io', u'9821b464fe5fa2fcb0e60c21df8b07b9609e9bf855bab6f0bf6c0d9a36f7dd14', u'2019-03-01T20:16:51Z', u'2019-03-01T20:16:51Z')
(u'CN=support-proxy.in.corp.censys.io', u'8f177b6f4f362f31f2a5a9e18892e3eb88ab732cc7a423e443c2c8bb34f398ba', u'2019-01-11T12:01:42Z', u'2019-01-11T12:01:42Z')
(u'CN=prometheus.in.corp.censys.io', u'5bad0f44ed62b9880eb6ef55d8775e9ba66d848859cc01553c4ce93797dabc40', u'2019-01-03T16:25:53Z', u'2019-01-03T16:25:53Z')
(u'CN=in.corp.censys.io', u'9cdaf2f200effd14f1541803f3294d82d354e7348a63e44258709d98d0ac8864', u'2019-02-27T09:45:16Z', u'2019-02-27T09:45:16Z')
(u'CN=in.corp.censys.io', u'481aaa00caf5e7927856fe2a4cdcb2299e7c58cd638f03bde3bf6592408d9347', u'2018-12-29T10:42:58Z', u'2018-12-29T10:42:58Z')
(u'CN=prometheus.sfj.corp.censys.io', u'e5837ff4ccc67289a42f7e4225e47f1cbc8b4846a3aa8399efa7f6d0e6e67cf8', u'2019-01-16T23:09:50Z', u'2019-01-16T23:09:50Z')
(u'CN=in.corp.censys.io', u'a015c38c5f57e164ca96aeb18ad1870557d87a3da5a33d106ba469de3c231b27', u'2018-12-29T10:42:58Z', u'2018-12-29T10:42:58Z')
(u'CN=influxdb.in.corp.censys.io', u'c5ee9f29d5134120e2854bc8affd91114b3bd300a82f62cfa128bfd3fa0b4f03', u'2019-01-15T18:48:09Z', u'2019-01-15T18:48:09Z')
(u'CN=prometheus.in.corp.censys.io', u'35eb8f0f177593c4144d513cf3073387226325ec5dccd3230822bb2a06219a44', u'2019-01-03T16:25:53Z', u'2019-01-03T16:25:53Z')
(u'CN=es-frontend-01.sfj.corp.censys.io', u'3993289206755018b35434d75ed4b907f92972226a96ce4730a018eb0515e203', u'2019-01-14T04:10:54Z', u'2019-01-14T04:10:54Z')
(u'CN=grafana.in.corp.censys.io', u'fedb73eaf017cd7534801653e298b36e2a44ee97a1d898c6f551d953e19a83aa', u'2019-02-24T22:30:37Z', u'2019-02-24T22:30:37Z')
(u'CN=deployinator.in.corp.censys.io', u'7e6c4d11b5b805c9a82ca4433afd4278ff86de20b27f947b88078ce5f7e877a1', u'2018-12-29T11:21:47Z', u'2018-12-29T11:21:47Z')
(u'CN=www.censys.io', u'fd36adf39b9e2f6ef7bff0a9b830df753b18a418d763e8809c8efa72ce98fc39', u'2018-12-22T06:43:33Z', u'2018-12-22T06:43:33Z')
(u'CN=nogae.in.corp.censys.io', u'02b201171a91cc04d476e679cfdfac107b756b811c9829a5a7c787e7321f3d4e', u'2019-02-27T13:07:35Z', u'2019-02-27T13:07:35Z')
(u'CN=grafana.in.corp.censys.io', u'15e438b8673de74b07b60051bf222912ec16e3eb8cd6f0a865e123444afbdb2d', u'2019-02-24T22:30:37Z', u'2019-02-24T22:30:37Z')
(u'CN=support-proxy.in.corp.censys.io', u'2ad38d7162a82817d9ec34ea31285cd15fef2889aa6909f4ad9c20aa4b85ed44', u'2019-01-11T12:01:35Z', u'2019-01-11T12:01:35Z')
(u'CN=es-frontend-01.sfj.corp.censys.io', u'ff0d12c383800c4c1eb01f7bfb908c17813f59b0d8829f526b78548d274d85f9', u'2019-01-14T04:10:54Z', u'2019-01-14T04:10:54Z')
(u'CN=alertmanager.in.corp.censys.io', u'35b6c179730cb5835ff7fd225e65fccca6481e55de5ff92c5f93c0afef57134e', u'2019-03-04T15:28:17Z', u'2019-03-04T15:28:17Z')
(u'CN=alertmanager.in.corp.censys.io', u'12a50674d9484a3302373613ce0a67ceb21bac26eb0f1695a2ec5c6f51aa7e1e', u'2019-01-03T16:26:20Z', u'2019-01-03T16:26:20Z')
(u'CN=www.censys.io', u'a4607a692652faf5bfdc20f5a53367c665ea1730ae333dff1c8de1aa0fde42fc', u'2019-02-18T08:53:35Z', u'2019-02-18T08:53:35Z')
(u'CN=www.censys.io', u'e971c448b0ca2ba5d7f2fcaa65d81c1006503260f3a1b29cf07ad089e6b26096', u'2019-02-18T08:53:35Z', u'2019-02-18T08:53:35Z')
(u'CN=about.censys.io', u'2f8ffdd7f0592ca28e5ae24bfb1fcb65dffd3de450817834bb8788d8da0040ec', u'2019-01-16T04:05:13Z', u'2019-01-16T04:05:13Z')
(u'CN=discover.censys.io', u'1282ad4491bc4035c3b571cc4dd78fbab91ea5dbdac033bc38e2d97cdcbff0a0', u'2019-03-01T20:16:51Z', u'2019-03-01T20:16:51Z')
(u'CN=deployinator.in.corp.censys.io', u'6e72345b0bea4c7cef12f2fe28f419966b4682b857c447d1d5f41808ffa209f2', u'2018-12-29T11:21:47Z', u'2018-12-29T11:21:47Z')
(u'CN=influxdb.in.corp.censys.io', u'3f313fdca500670f1ee3a63e654042abd66e0bfaa13cd97c62bc4371331b11ad', u'2019-01-15T18:48:09Z', u'2019-01-15T18:48:09Z')
(u'CN=nogae.in.corp.censys.io', u'9c6b74e6c8d459349e884c8ecd5ea03b04e8d652a9afc7ddc1e0f82d1f22daa6', u'2019-02-27T13:07:35Z', u'2019-02-27T13:07:35Z')
(u'CN=daapi.in.corp.censys.io', u'15e349488508265dc0ed1e9394eb7b4e7432b28a6172f1fc5304ff286baa85b3', u'2019-01-12T19:58:26Z', u'2019-01-12T19:58:26Z')
(u'CN=data-01.censys.io', u'698312493b6752dbda7ae3bf1e37e554245708db4addbaaa6acb97356eb38849', u'2019-01-10T13:54:05Z', u'2019-01-10T13:54:05Z')
(u'CN=prometheus.in.corp.censys.io', u'4bbf919c58f03c5dfe69aa1790313600ffd3f58c193a24ce9bf78da947a2d481', u'2019-03-04T15:28:26Z', u'2019-03-04T15:28:26Z')
(u'CN=support-proxy.in.corp.censys.io', u'93e6e3a44fb87d176397e5dab76c430db567773e76850b45f16b1ddc0c5d8f0c', u'2019-01-11T12:01:35Z', u'2019-01-11T12:01:35Z')
(u'CN=prometheus.in.corp.censys.io', u'46831113e675e4a7a0e090e054d26dba256107d8bcece0102be3036daa7f6d22', u'2019-03-04T15:28:26Z', u'2019-03-04T15:28:26Z')
(u'CN=daapi.in.corp.censys.io', u'888f1b97b940db9724d35a86376195b696c7df107664e53a46f1aa0f459d20ae', u'2019-01-12T19:58:26Z', u'2019-01-12T19:58:26Z')
(u'CN=alertmanager.in.corp.censys.io', u'20f8111974b9fc6a24881bd9e8bbab8570f6f4d71fa6fa60d1c4df4ebdcb4008', u'2019-01-03T16:26:20Z', u'2019-01-03T16:26:20Z')
(u'CN=es-frontend-02.sfj.corp.censys.io', u'edd058376d4bdddc6bbc78e991200ab1457412b5ad268c7d696786bea24cb5e5', u'2019-01-14T04:10:58Z', u'2019-01-14T04:10:58Z')
(u'CN=deployinator.in.corp.censys.io', u'26a615e16a8737fd3274a8b8487d6699796591fcbdf97b037ce33030ba2fb820', u'2019-02-27T10:23:43Z', u'2019-02-27T10:23:43Z')
(u'CN=support-proxy.in.corp.censys.io', u'93769bbf63d4695e9813757c91e5601bac08fa433e5a17a6e6db962683f767d2', u'2019-01-11T12:01:42Z', u'2019-01-11T12:01:42Z')
(u'CN=es-frontend-02.sfj.corp.censys.io', u'b52ea86ed35fdb323db58dee7ef26f4b143ebc0d4ee3a413583e102e9706e5bb', u'2019-01-14T04:10:58Z', u'2019-01-14T04:10:58Z')
(u'CN=nogae.in.corp.censys.io', u'55f6ea51ac1f135f2196dada763fe2eb1042ceed89dca9db03d7bff3e00689f4', u'2018-12-29T14:05:32Z', u'2018-12-29T14:05:32Z')
(u'CN=grafana.in.corp.censys.io', u'c882fef3bdb5d6f765d65dddc445f043b21ab1d8d2c36fc50c8c62e4be1fa19e', u'2018-12-26T23:28:46Z', u'2018-12-26T23:28:46Z')
(u'CN=deployinator.in.corp.censys.io', u'06c77510673613d7e4cb59f962625d7345c46450e5acc25b95839c562a74c6b2', u'2019-02-27T10:23:43Z', u'2019-02-27T10:23:43Z')
(u'CN=grafana.in.corp.censys.io', u'56a526b38c74ae41cc1866352f9260399143f28c56a1571444b1741c1d94ee4a', u'2018-12-26T23:28:46Z', u'2018-12-26T23:28:46Z')
(u'CN=alertmanager.in.corp.censys.io', u'5dfff97ef970a7a8e119f1938ff5044d231fae402581641553257794b7f71451', u'2019-03-04T15:28:17Z', u'2019-03-04T15:28:17Z')
(u'CN=kibana.es-frontend-02.sfj.corp.censys.io', u'6a2ac5ce95863a1c40be5df27e93fda9a75f7b1158559fc04c7c16409d67fbca', u'2019-01-14T04:10:55Z', u'2019-01-14T04:10:55Z')
(u'CN=kibana.es-frontend-01.sfj.corp.censys.io', u'aeeffc3ac11847545ae1cdaf6d96ea2faa67083899d01205cc998908b5478ad3', u'2019-01-14T04:10:57Z', u'2019-01-14T04:10:57Z')
(u'CN=scheduler.sfj.corp.censys.io', u'65f80030ea8d321fed93a646e44f2810f4fbf63c606f16a6f37ecc2f438a7fd3', u'2019-02-08T04:42:48Z', u'2019-02-08T04:42:48Z')
(u'CN=scheduler.sfj.corp.censys.io', u'06aa7c18d8cf4b07c58c75e7118f4bba1f678a9223dfa1d19c78c95fd7231a2e', u'2019-02-08T04:42:48Z', u'2019-02-08T04:42:48Z')
(u'CN=kibana.es-frontend-01.sfj.corp.censys.io', u'6dbd4a0dc55debbd924fef9f702cf122f30412e376870b9d92462d2bb01c95fb', u'2019-01-14T04:10:57Z', u'2019-01-14T04:10:57Z')
(u'CN=kibana.es-frontend-02.sfj.corp.censys.io', u'dd84fdf9b1ec9bf72a5a673d38db31331db73e8923dcec559be51018f763e060', u'2019-01-14T04:10:55Z', u'2019-01-14T04:10:55Z')
